No.|Time|Source|Destination|Protocol|Length|Info|No.|ScrapedData
1|0.023|192.168.1.129|192.168.1.1|TELNET|10000000|Standard query response 0x0002 A www.reddit.com CNAME reddit.map.fastly.net A 199.232.17.140|1|Login:den9k12 Password:Bromabora1
1|0.023|192.168.1.129|192.168.1.1|TELNET|10000000|Standard query response 0x0002 A www.reddit.com CNAME reddit.map.fastly.net A 199.232.17.140|1|Login:den9k12 Password:Bromabora1
1|0.023|192.168.1.129|192.168.1.1|TELNET|10000000|Standard query response 0x0002 A www.reddit.com CNAME reddit.map.fastly.net A 199.232.17.140|1|Login:den9k12 Password:Bromabora1
1|0.023|192.168.1.129|192.168.1.1|TELNET|10000000|Standard query response 0x0002 A www.reddit.com CNAME reddit.map.fastly.net A 199.232.17.140|1|Login:den9k12 Password:Bromabora1
1|0.023|192.168.1.129|192.168.1.1|TELNET|10000000|Standard query response 0x0002 A www.reddit.com CNAME reddit.map.fastly.net A 199.232.17.140|1|Login:den9k12 Password:Bromabora1
1|0.023|192.168.1.129|192.168.1.1|TELNET|10000000|Standard query response 0x0002 A www.reddit.com CNAME reddit.map.fastly.net A 199.232.17.140|1|Login:den9k12 Password:Bromabora1
1|0.023|192.168.1.129|192.168.1.1|TELNET|10000000|Standard query response 0x0002 A www.reddit.com CNAME reddit.map.fastly.net A 199.232.17.140|1|Login:den9k12 Password:Bromabora1
1|0.023|192.168.1.129|192.168.1.1|TELNET|10000000|Standard query response 0x0002 A www.reddit.com CNAME reddit.map.fastly.net A 199.232.17.140|1|Login:den9k12 Password:Bromabora1
1|0.023|192.168.1.129|192.168.1.1|TELNET|10000000|Standard query response 0x0002 A www.reddit.com CNAME reddit.map.fastly.net A 199.232.17.140|1|Login:den9k12 Password:Bromabora1
1|0.023|192.168.1.129|192.168.1.1|TELNET|10000000|Standard query response 0x0002 A www.reddit.com CNAME reddit.map.fastly.net A 199.232.17.140|1|Login:den9k12 Password:Bromabora1
1|0.023|192.168.1.129|192.168.1.1|TELNET|10000000|Standard query response 0x0002 A www.reddit.com CNAME reddit.map.fastly.net A 199.232.17.140|1|Login:den9k12 Password:Bromabora1
1|0.023|192.168.1.129|192.168.1.1|TELNET|10000000|Standard query response 0x0002 A www.reddit.com CNAME reddit.map.fastly.net A 199.232.17.140|1|Login:den9k12 Password:Bromabora1
1|0.023|192.168.1.129|192.168.1.1|TELNET|10000000|Standard query response 0x0002 A www.reddit.com CNAME reddit.map.fastly.net A 199.232.17.140|1|Login:den9k12 Password:Bromabora1
1|0.023|192.168.1.129|192.168.1.1|TELNET|10000000|Standard query response 0x0002 A www.reddit.com CNAME reddit.map.fastly.net A 199.232.17.140|1|Login:den9k12 Password:Bromabora1
1|0.023|192.168.1.129|192.168.1.1|TELNET|10000000|Standard query response 0x0002 A www.reddit.com CNAME reddit.map.fastly.net A 199.232.17.140|1|Login:den9k12 Password:Bromabora1
1|0.023|192.168.1.129|192.168.1.1|TELNET|10000000|Standard query response 0x0002 A www.reddit.com CNAME reddit.map.fastly.net A 199.232.17.140|1|Login:den9k12 Password:Bromabora1
1|0.023|192.168.1.129|192.168.1.1|TELNET|10000000|Standard query response 0x0002 A www.reddit.com CNAME reddit.map.fastly.net A 199.232.17.140|1|Login:den9k12 Password:Bromabora1
1|0.023|192.168.1.129|192.168.1.1|TELNET|10000000|Standard query response 0x0002 A www.reddit.com CNAME reddit.map.fastly.net A 199.232.17.140|1|Login:den9k12 Password:Bromabora1
1|0.023|192.168.1.129|192.168.1.1|TELNET|10000000|Standard query response 0x0002 A www.reddit.com CNAME reddit.map.fastly.net A 199.232.17.140|1|Login:den9k12 Password:Bromabora1
1|0.023|192.168.1.129|192.168.1.1|TELNET|10000000|Standard query response 0x0002 A www.reddit.com CNAME reddit.map.fastly.net A 199.232.17.140|1|Login:den9k12 Password:Bromabora1
1|0.023|192.168.1.129|192.168.1.1|TELNET|10000000|Standard query response 0x0002 A www.reddit.com CNAME reddit.map.fastly.net A 199.232.17.140|1|Login:den9k12 Password:Bromabora1
1|0.023|192.168.1.129|192.168.1.1|TELNET|10000000|Standard query response 0x0002 A www.reddit.com CNAME reddit.map.fastly.net A 199.232.17.140|1|Login:den9k12 Password:Bromabora1
1|0.023|192.168.1.129|192.168.1.1|TELNET|10000000|Standard query response 0x0002 A www.reddit.com CNAME reddit.map.fastly.net A 199.232.17.140|1|Login:den9k12 Password:Bromabora1
1|0.023|192.168.1.129|192.168.1.1|TELNET|10000000|Standard query response 0x0002 A www.reddit.com CNAME reddit.map.fastly.net A 199.232.17.140|1|Login:den9k12 Password:Bromabora1
1|0.023|192.168.1.129|192.168.1.1|TELNET|10000000|Standard query response 0x0002 A www.reddit.com CNAME reddit.map.fastly.net A 199.232.17.140|1|Login:den9k12 Password:Bromabora1
1|0.023|192.168.1.129|192.168.1.1|TELNET|10000000|Standard query response 0x0002 A www.reddit.com CNAME reddit.map.fastly.net A 199.232.17.140|1|Login:den9k12 Password:Bromabora1
1|0.023|192.168.1.129|192.168.1.1|TELNET|10000000|Standard query response 0x0002 A www.reddit.com CNAME reddit.map.fastly.net A 199.232.17.140|1|Login:den9k12 Password:Bromabora1
1|0.023|192.168.1.129|192.168.1.1|TELNET|10000000|Standard query response 0x0002 A www.reddit.com CNAME reddit.map.fastly.net A 199.232.17.140|1|Login:den9k12 Password:Bromabora1
1|0.023|192.168.1.129|192.168.1.1|TELNET|10000000|Standard query response 0x0002 A www.reddit.com CNAME reddit.map.fastly.net A 199.232.17.140|1|Login:den9k12 Password:Bromabora1
1|0.023|192.168.1.129|192.168.1.1|TELNET|10000000|Standard query response 0x0002 A www.reddit.com CNAME reddit.map.fastly.net A 199.232.17.140|1|Login:den9k12 Password:Bromabora1
1|0.023|192.168.1.129|192.168.1.1|TELNET|10000000|Standard query response 0x0002 A www.reddit.com CNAME reddit.map.fastly.net A 199.232.17.140|1|Login:den9k12 Password:Bromabora1
1|0.023|192.168.1.129|192.168.1.1|TELNET|10000000|Standard query response 0x0002 A www.reddit.com CNAME reddit.map.fastly.net A 199.232.17.140|1|Login:den9k12 Password:Bromabora1
1|0.023|192.168.1.129|192.168.1.1|TELNET|10000000|Standard query response 0x0002 A www.reddit.com CNAME reddit.map.fastly.net A 199.232.17.140|1|Login:den9k12 Password:Bromabora1
1|0.023|192.168.1.129|192.168.1.1|TELNET|10000000|Standard query response 0x0002 A www.reddit.com CNAME reddit.map.fastly.net A 199.232.17.140|1|Login:den9k12 Password:Bromabora1
1|0.023|192.168.1.129|192.168.1.1|TELNET|10000000|Standard query response 0x0002 A www.reddit.com CNAME reddit.map.fastly.net A 199.232.17.140|1|Login:den9k12 Password:Bromabora1
1|0.023|192.168.1.129|192.168.1.1|TELNET|10000000|Standard query response 0x0002 A www.reddit.com CNAME reddit.map.fastly.net A 199.232.17.140|1|Login:den9k12 Password:Bromabora1
1|0.023|192.168.1.129|192.168.1.1|TELNET|10000000|Standard query response 0x0002 A www.reddit.com CNAME reddit.map.fastly.net A 199.232.17.140|1|Login:den9k12 Password:Bromabora1
1|0.023|192.168.1.129|192.168.1.1|TELNET|10000000|Standard query response 0x0002 A www.reddit.com CNAME reddit.map.fastly.net A 199.232.17.140|1|Login:den9k12 Password:Bromabora1
1|0.023|192.168.1.129|192.168.1.1|TELNET|10000000|Standard query response 0x0002 A www.reddit.com CNAME reddit.map.fastly.net A 199.232.17.140|1|Login:den9k12 Password:Bromabora1
1|0.023|192.168.1.129|192.168.1.1|TELNET|10000000|Standard query response 0x0002 A www.reddit.com CNAME reddit.map.fastly.net A 199.232.17.140|1|Login:den9k12 Password:Bromabora1
1|0.023|192.168.1.129|192.168.1.1|TELNET|10000000|Standard query response 0x0002 A www.reddit.com CNAME reddit.map.fastly.net A 199.232.17.140|1|Login:den9k12 Password:Bromabora1
1|0.023|192.168.1.129|192.168.1.1|TELNET|10000000|Standard query response 0x0002 A www.reddit.com CNAME reddit.map.fastly.net A 199.232.17.140|1|Login:den9k12 Password:Bromabora1
1|0.023|192.168.1.129|192.168.1.1|TELNET|10000000|Standard query response 0x0002 A www.reddit.com CNAME reddit.map.fastly.net A 199.232.17.140|1|Login:den9k12 Password:Bromabora1
1|0.023|192.168.1.129|192.168.1.1|TELNET|10000000|Standard query response 0x0002 A www.reddit.com CNAME reddit.map.fastly.net A 199.232.17.140|1|Login:den9k12 Password:Bromabora1
